timestamp,sensor_id,temperature,vibration,pressure,rpm,current_draw,anomaly_type
2024-08-01 00:00:00,MOTOR_01,71.2038638839524,0.2658388067953491,5.096298882335555,1192.2087032438217,35.20038736030385,overload
2024-08-01 00:01:00,MOTOR_01,72.69000398285502,0.11884217827736683,5.057620000170755,1230.2865097681445,38.04591420583148,overload
2024-08-01 00:02:00,PUMP_01,73.42157506388823,0.2716268244648058,2.3977600036042848,1490.5622942299217,13.337708378743164,pressure_drop
2024-08-01 00:03:00,MOTOR_01,101.22363874236294,0.7213117114413038,4.684736329553229,1515.6553767655032,14.48316297114166,bearing_wear
2024-08-01 00:04:00,MOTOR_01,75.42847546791367,0.24643146005663305,4.9570869236891415,1196.6494727677934,28.444636245733566,overload
2024-08-01 00:05:00,PUMP_01,90.81000500271938,0.9462806488684571,4.83455399313797,1484.3292936515074,12.695342726595245,bearing_wear
2024-08-01 00:06:00,PUMP_02,74.30882192135765,0.25843352047007506,4.999240614802296,1213.955883311755,39.18636188504249,overload
2024-08-01 00:07:00,PUMP_03,78.30890073448631,0.12152402102234824,4.757360520574975,1202.5028700300695,38.031670520056785,overload
2024-08-01 00:08:00,MOTOR_02,74.3948306025621,0.24237432835298972,2.9041610320718982,1468.128361101073,12.200721244577428,pressure_drop
2024-08-01 00:09:00,MOTOR_01,73.33561865615947,0.16917477751877194,2.1546257735122167,1497.2701215726877,13.481268802445666,pressure_drop
2024-08-01 00:10:00,MOTOR_02,96.93532083763102,0.6728844608390776,4.985178999905182,1535.8760160002919,12.128819990544814,bearing_wear
2024-08-01 00:11:00,PUMP_03,95.19566424322164,0.7598480339848216,5.122578732720674,1521.5677108023488,12.601039536317712,bearing_wear
2024-08-01 00:12:00,MOTOR_01,71.92976433608875,0.26649622692395614,2.3987550324661155,1496.2235236527608,13.979213506841562,pressure_drop
2024-08-01 00:13:00,PUMP_02,73.3155259567247,0.11763000708446934,2.832517083526561,1500.0318106433479,14.71367865341086,pressure_drop
2024-08-01 00:14:00,PUMP_02,76.05267069258436,0.2098163256056361,2.9475420528394696,1455.4903683088903,11.987835535602644,pressure_drop
2024-08-01 00:15:00,PUMP_03,102.44535971480616,0.9955218020776272,4.95516919674997,1542.591957487484,12.388792802602259,bearing_wear
2024-08-01 00:16:00,MOTOR_02,69.93251319473319,0.11477079814005862,2.3262119003001223,1511.7042378204374,12.719480800647487,pressure_drop
2024-08-01 00:17:00,PUMP_01,93.87735400231094,1.1301127227699717,4.602400281136805,1493.3531574481938,12.812896998919264,bearing_wear
2024-08-01 00:18:00,PUMP_02,76.17532192980653,0.18044771760338527,2.173681892409504,1510.192531598763,12.020602795807324,pressure_drop
2024-08-01 00:19:00,PUMP_02,89.6586123336854,0.3450809772203178,4.800479867278489,1488.2067743006521,13.929609776673493,bearing_wear
2024-08-01 00:20:00,MOTOR_01,98.29702568541657,0.6268790330136245,4.813915488623518,1488.071004369172,13.880815563052048,bearing_wear
2024-08-01 00:21:00,MOTOR_02,94.50593414232235,0.8125928497264971,4.741038347147692,1466.9291883139308,12.300382875654885,bearing_wear
2024-08-01 00:22:00,PUMP_03,92.91410636281668,0.8666846540622454,5.116091336946917,1507.7565387473583,13.829798773967081,bearing_wear
2024-08-01 00:23:00,PUMP_01,74.60667212921354,0.2182770502990749,1.870843203332774,1491.8268052445396,14.619645400235965,pressure_drop
2024-08-01 00:24:00,MOTOR_01,91.5422279065558,0.7283951349192433,4.946505651401033,1516.8744795365249,13.907668173606622,bearing_wear
2024-08-01 00:25:00,PUMP_03,94.9925293133208,0.6516780294462624,4.706123339361743,1486.28033459421,12.794169087940496,bearing_wear
2024-08-01 00:26:00,MOTOR_02,71.76108039126017,0.17647243734212514,4.8657063206178925,1193.3928719135731,28.87220654726318,overload
2024-08-01 00:27:00,MOTOR_02,73.00618376863595,0.27905994979104265,2.161546765229464,1483.8976220538582,14.371105278838826,pressure_drop
2024-08-01 00:28:00,PUMP_02,72.29696625556512,0.09336763356130982,4.729105523024636,1196.4489634564684,29.45628272790682,overload
2024-08-01 00:29:00,MOTOR_01,75.89332506878115,0.1822123078286164,1.5056770356540323,1496.0192235789937,12.73168620596734,pressure_drop
2024-08-01 00:30:00,PUMP_03,73.35992839341343,0.16629060885883598,4.822685438072047,1180.2178758145842,26.03656234655296,overload
2024-08-01 00:31:00,PUMP_01,74.02579465853808,0.31266511217798393,2.6745293098649325,1454.9708546590707,12.717159122823954,pressure_drop
2024-08-01 00:32:00,MOTOR_02,72.83184173342184,0.21374643930278475,1.715460731640629,1497.1413670086079,14.996782664423847,pressure_drop
2024-08-01 00:33:00,MOTOR_02,77.89476122808993,0.20904499050949954,2.14374048121594,1489.6231313542914,12.859872303304794,pressure_drop
2024-08-01 00:34:00,PUMP_01,73.9287906503852,0.08955514700676044,5.462878075156556,1203.5444988801428,38.575463602890494,overload
2024-08-01 00:35:00,MOTOR_01,97.79630840272432,0.6545602014587854,5.178712445467311,1521.6556803097358,12.029759763753288,bearing_wear
2024-08-01 00:36:00,PUMP_02,69.02777876084377,0.20912201160729585,4.877659416162134,1191.5721650857504,34.146713940916015,overload
2024-08-01 00:37:00,MOTOR_02,76.03270372958492,0.20893030901177434,4.602620928039409,1178.7395190343132,28.413808093969124,overload
2024-08-01 00:38:00,MOTOR_01,75.38538715154579,0.2848797130205461,2.7336753820835575,1508.9057895836165,12.312279140989002,pressure_drop
2024-08-01 00:39:00,PUMP_01,75.33611545099104,0.24001601493681132,5.115168346081579,1227.0089630286682,30.78846789501444,overload
2024-08-01 00:40:00,PUMP_02,96.14260931231897,0.37588919206522076,4.815452126739841,1476.1492374305478,12.709814839393221,bearing_wear
2024-08-01 00:41:00,PUMP_01,73.46613137688938,0.13915827356701088,5.210731410021679,1178.2717898435803,33.640423460013174,overload
2024-08-01 00:42:00,PUMP_01,74.62367797368903,0.20131586344312638,5.476765210697237,1191.9445037227867,30.00882925347194,overload
2024-08-01 00:43:00,PUMP_01,77.4618537870873,0.21862115016514663,1.9156997655528285,1523.1271457443338,14.115387988470317,pressure_drop
2024-08-01 00:44:00,MOTOR_01,94.9597294154163,0.7640865807026022,5.091303348739311,1475.539262207366,14.578269100782874,bearing_wear
2024-08-01 00:45:00,MOTOR_01,77.02645323068967,0.24970668618448932,2.200973514442815,1494.6335751944264,12.194796717183662,pressure_drop
2024-08-01 00:46:00,MOTOR_02,99.40527052348142,0.678413982776467,5.3533004152091435,1522.2518870888869,12.944360854574775,bearing_wear
2024-08-01 00:47:00,PUMP_02,94.21906273356831,0.5070174610560153,5.103670797755088,1493.82382586366,14.704009314260695,bearing_wear
2024-08-01 00:48:00,PUMP_02,79.4429285689271,0.19047015040065243,2.165961270031713,1472.0533232326743,13.645895611255888,pressure_drop
2024-08-01 00:49:00,PUMP_03,76.00420984649634,0.2802851269199934,5.3644122280854605,1200.0793973216091,33.15160636762229,overload
2024-08-01 00:50:00,MOTOR_02,71.95309331714901,0.20604329874329946,4.928910778586413,1184.0309589964056,25.274612909901,overload
2024-08-01 00:51:00,PUMP_01,96.11417088865562,0.8797531461278982,5.163150192600721,1524.209598055312,14.328925717796897,bearing_wear
2024-08-01 00:52:00,PUMP_01,93.82071686905283,0.27174491789717237,5.100309181600655,1456.3748483716345,12.970718606871738,bearing_wear
2024-08-01 00:53:00,PUMP_03,75.52466998959763,0.15950288713487726,2.238232263879986,1462.3989338112262,13.775766428473522,pressure_drop
2024-08-01 00:54:00,MOTOR_01,74.92755107703798,0.28273611514954156,2.832725513665387,1488.9423804756161,14.029744134911505,pressure_drop
2024-08-01 00:55:00,PUMP_01,75.87149846861267,0.2789008287679085,4.998814582675837,1185.874915831177,31.26197234218895,overload
2024-08-01 00:56:00,MOTOR_01,77.5905278190592,0.28575274470335504,2.567859016846475,1510.2377919020976,13.337113903281697,pressure_drop
2024-08-01 00:57:00,MOTOR_02,77.53901171625193,0.11736989529727836,5.637948689400112,1182.6888696493945,27.515990996494462,overload
2024-08-01 00:58:00,PUMP_03,68.91912651805723,0.10508194042306104,5.08218639737656,1193.121448251426,33.97943101284018,overload
2024-08-01 00:59:00,PUMP_02,74.00027004187785,0.10436233641026676,1.5541034004899423,1534.6805498168058,14.945293684992723,pressure_drop
2024-08-01 01:00:00,MOTOR_02,95.14989681356651,0.6456927881099233,4.417870668705238,1490.9928530525792,14.660491133185799,bearing_wear
2024-08-01 01:01:00,MOTOR_01,92.8758384325203,0.6705793434121334,5.129012804094174,1529.0999930324601,12.63378231805494,bearing_wear
2024-08-01 01:02:00,MOTOR_02,98.78972304148581,1.1221352821019699,4.989524601911234,1501.3672137257877,13.524965282952847,bearing_wear
2024-08-01 01:03:00,PUMP_03,78.66821094229529,0.3119534957477904,5.047970069614978,1208.550853110998,28.98628861160437,overload
2024-08-01 01:04:00,PUMP_02,98.19459265515941,0.7239880567810375,4.865618847228986,1482.6494699998009,12.514301587036845,bearing_wear
2024-08-01 01:05:00,MOTOR_01,77.63973654582114,0.14161490680871136,4.696648520956852,1194.6873239664926,27.887656820251546,overload
2024-08-01 01:06:00,PUMP_02,76.36664000564559,0.2531651293281601,1.7250233852579375,1476.9288913902153,14.358567028722682,pressure_drop
2024-08-01 01:07:00,MOTOR_01,92.45351874249516,0.7167109534034131,4.862913423491866,1494.8467359741871,14.419449465956495,bearing_wear
2024-08-01 01:08:00,MOTOR_01,76.68281453525366,0.22292932184057132,1.6142697337532772,1478.535151196385,13.842577446192326,pressure_drop
2024-08-01 01:09:00,MOTOR_01,74.35070036755286,0.2851998088734449,1.7502834757106887,1497.8649353987355,12.440074216736805,pressure_drop
2024-08-01 01:10:00,MOTOR_01,75.53789639281698,0.17256857113398671,1.6142310223698462,1470.721317794235,12.8204809686013,pressure_drop
2024-08-01 01:11:00,MOTOR_02,72.62331609621643,0.21322122032224067,4.941334373339116,1203.8917964525087,29.514219967885623,overload
2024-08-01 01:12:00,PUMP_02,71.0215987833398,0.14045361188781502,2.4127190624349377,1504.9285503177866,13.354840503709147,pressure_drop
2024-08-01 01:13:00,PUMP_03,96.22408127102653,0.37366934550836695,4.964801238347881,1487.6795358128509,14.063716990707018,bearing_wear
2024-08-01 01:14:00,PUMP_03,90.62034123918644,0.5679491630741353,5.3127025143492554,1539.6878153507068,13.712165836457539,bearing_wear
2024-08-01 01:15:00,PUMP_01,73.12010877057317,0.10338163365936977,4.9440092466777505,1155.7878106341052,36.01651184548727,overload
2024-08-01 01:16:00,PUMP_03,87.37624631063596,0.6750969267682495,4.89869626184186,1500.141937460968,12.99940838721652,bearing_wear
2024-08-01 01:17:00,PUMP_03,76.50067866332515,0.18922684119644792,5.25663973395274,1187.9480770452699,25.586051562108693,overload
2024-08-01 01:18:00,PUMP_01,73.33462728108873,0.142613696718332,2.1996192227354827,1522.977100713132,12.709073799873282,pressure_drop
2024-08-01 01:19:00,MOTOR_02,99.09913198581626,0.4611876895041071,5.080837126528947,1461.9432523926623,12.351890999224814,bearing_wear
2024-08-01 01:20:00,PUMP_03,72.98923190605782,0.1320588790817761,4.9236386437613024,1192.842851205134,36.06841622764468,overload
2024-08-01 01:21:00,PUMP_02,73.73742658551579,0.11107656971081564,5.216642269174804,1193.0371611845392,37.58800713324675,overload
2024-08-01 01:22:00,PUMP_01,95.61788567248465,0.3230895761212338,4.94016838129133,1501.7772127356961,14.692340391098107,bearing_wear
2024-08-01 01:23:00,MOTOR_02,81.1936500871448,0.2690898065415501,2.9048051720222583,1506.127733900949,13.041784297534791,pressure_drop
2024-08-01 01:24:00,PUMP_03,75.8755494538929,0.2128025710728818,1.960438910160161,1476.2238257746012,13.202078698450416,pressure_drop
2024-08-01 01:25:00,PUMP_02,75.42285844432668,0.22769878129058801,5.1116341721419705,1204.1183497944864,35.1145170556847,overload
2024-08-01 01:26:00,PUMP_03,77.34708722587652,0.29020089244559516,2.730447174936671,1503.561707950947,12.134018761860169,pressure_drop
2024-08-01 01:27:00,PUMP_02,94.66592163262212,0.48981650304098273,5.101537143366577,1538.2009419568478,13.1882462969981,bearing_wear
2024-08-01 01:28:00,PUMP_02,100.49713540868234,0.385865101825798,5.638772287540341,1473.1981231101004,15.194727292740883,bearing_wear
2024-08-01 01:29:00,PUMP_02,92.18180398329524,0.3120042251830213,4.945305376143946,1479.1160763563184,12.339332507786807,bearing_wear
2024-08-01 01:30:00,PUMP_02,74.14777761854027,0.12313898512866386,2.2094608714235697,1483.5335886461773,14.981702732509085,pressure_drop
2024-08-01 01:31:00,MOTOR_01,96.73585076820231,0.5033880718135505,4.947378260595052,1500.4676163320478,13.146748466441265,bearing_wear
2024-08-01 01:32:00,MOTOR_01,71.16471033406778,0.12707783176171944,5.126293893301748,1229.8961566464927,37.33788500212246,overload
2024-08-01 01:33:00,PUMP_03,94.43624249440899,0.33830781329183707,4.9844639436300335,1503.2322923924087,13.006195568010291,bearing_wear
2024-08-01 01:34:00,PUMP_01,75.73335500104493,0.22375728108734722,2.6185200305224994,1496.4508712077136,12.97279226920655,pressure_drop
2024-08-01 01:35:00,PUMP_03,97.32450668267188,0.6556071534487495,5.1229115353599575,1495.0987413676958,12.212633763595836,bearing_wear
2024-08-01 01:36:00,MOTOR_01,75.16166089092218,0.32287839691244763,1.592828669630827,1454.8617999044104,14.333005225557722,pressure_drop
2024-08-01 01:37:00,PUMP_02,100.07208864596525,0.7623885762049438,4.640388911613031,1504.0418937359425,13.794455862791885,bearing_wear
2024-08-01 01:38:00,PUMP_01,73.44328633566347,0.2722398272700424,4.852822769405973,1174.79750642588,28.930090054791798,overload
2024-08-01 01:39:00,MOTOR_02,75.86503679719969,0.20146821594865602,4.954789745876973,1214.4333261438114,30.05059877120501,overload
2024-08-01 01:40:00,PUMP_02,74.21477677664902,0.29740143714823264,5.132236644309875,1200.37806694909,39.15020059117521,overload
2024-08-01 01:41:00,PUMP_01,76.03278847883118,0.19553818598214526,1.8364841705454187,1505.114904467342,12.421861917795066,pressure_drop
2024-08-01 01:42:00,PUMP_03,75.57940625811214,0.20080999489824897,5.421259990367755,1193.5592135317202,25.779211538108942,overload
2024-08-01 01:43:00,MOTOR_02,78.6046713290536,0.26415033373448604,2.6083966103930116,1501.6936113670022,14.205559115680924,pressure_drop
2024-08-01 01:44:00,MOTOR_01,74.24820563369168,0.2558218878842859,5.19059979581404,1198.6201819419207,39.483111017939514,overload
2024-08-01 01:45:00,MOTOR_01,74.31031546125169,0.23602277501433092,2.4670097184013717,1528.78104347757,12.89155973828184,pressure_drop
2024-08-01 01:46:00,PUMP_03,76.77730334888753,0.20370334792970862,5.183995834390249,1195.9940740207237,34.8169244116031,overload
2024-08-01 01:47:00,MOTOR_02,75.34270596815779,0.22069502027678028,1.82402826169665,1499.064038571766,12.401306650735789,pressure_drop
2024-08-01 01:48:00,MOTOR_01,99.09010750150696,0.9646952026250605,4.76274874157525,1474.232597922014,14.146690143131393,bearing_wear
2024-08-01 01:49:00,MOTOR_02,76.06977048360469,0.2109981694133474,2.555627911605421,1483.215061269951,14.007095480154508,pressure_drop
2024-08-01 01:50:00,MOTOR_02,99.59961164464573,0.5702610190398626,4.883165247737862,1481.2029958092342,14.179709508011888,bearing_wear
2024-08-01 01:51:00,MOTOR_01,75.27793273831783,0.16488869387909766,5.108894343225015,1209.8422673497275,36.145195164499334,overload
2024-08-01 01:52:00,PUMP_02,92.16867102495705,0.4773824111779103,4.936797510406753,1508.433748989258,12.575186393246724,bearing_wear
2024-08-01 01:53:00,MOTOR_02,73.17963546038057,0.3155675705203044,5.098066629900144,1188.8472411435403,36.730471119562914,overload
2024-08-01 01:54:00,MOTOR_01,88.34212248432449,0.6632435799491732,5.026525697524476,1515.748823588428,13.431016506031924,bearing_wear
2024-08-01 01:55:00,PUMP_01,75.6674678428751,0.14348003688769337,2.8709006953468417,1521.7985405027623,12.255394509644214,pressure_drop
2024-08-01 01:56:00,PUMP_02,80.9389696676397,0.15865752212496564,2.0812745723421746,1540.0947232423725,13.538193925964281,pressure_drop
2024-08-01 01:57:00,PUMP_01,94.81116736954345,0.34541878691061584,5.179212676637899,1511.0386111448183,14.94128476278213,bearing_wear
2024-08-01 01:58:00,MOTOR_01,74.33032033928784,0.24005201183323083,2.3464820767917374,1508.9503709765065,11.801991900507549,pressure_drop
2024-08-01 01:59:00,MOTOR_01,75.41204165335724,0.17029947367415904,5.255985226222059,1188.1735959896703,31.782834642482584,overload
2024-08-01 02:00:00,PUMP_03,75.51799954792737,0.107776920538454,4.999703792081074,1204.6927334813442,33.53170721407271,overload
2024-08-01 02:01:00,PUMP_03,78.1728434746147,0.11529290538571718,1.5048470727120624,1522.526738034694,12.87128966208686,pressure_drop
2024-08-01 02:02:00,PUMP_02,97.67371675221784,0.5395272782779515,4.826526274963463,1482.5489313592277,12.330856346791482,bearing_wear
2024-08-01 02:03:00,MOTOR_01,76.49570956989612,0.14440130816233776,5.247698476156088,1196.8891675916273,28.106226243988385,overload
2024-08-01 02:04:00,PUMP_03,93.93523324972298,0.49420570150918935,4.673129566904713,1497.9067967567316,14.993073094775422,bearing_wear
2024-08-01 02:05:00,PUMP_02,89.4571738901859,0.5975575149055528,5.0241761441298065,1509.9255705721007,13.579187800106931,bearing_wear
2024-08-01 02:06:00,MOTOR_01,72.13814486969687,0.27702574022148824,2.722758048752988,1528.2653191351553,12.688661940082282,pressure_drop
2024-08-01 02:07:00,PUMP_02,74.88490003584921,0.24582734762859515,5.012475265379616,1208.0993511487768,33.87851453067341,overload
2024-08-01 02:08:00,PUMP_01,76.24771919310695,0.22419287768145404,4.862130873295159,1188.0750856807654,28.37588777277556,overload
2024-08-01 02:09:00,PUMP_01,91.31300927358399,1.0233886647902917,5.0811522523728865,1495.4759289163303,13.289276814502706,bearing_wear
2024-08-01 02:10:00,MOTOR_01,72.24820346047782,0.28762850007916557,1.78239358143871,1491.858933305469,14.029023860557475,pressure_drop
2024-08-01 02:11:00,PUMP_01,78.19790990354333,0.1702862997165335,5.14850653188606,1190.585214670524,27.647133358306235,overload
2024-08-01 02:12:00,PUMP_02,75.25042203655457,0.12998550934934966,2.3856793801783867,1531.955103649155,13.471453489766539,pressure_drop
2024-08-01 02:13:00,MOTOR_02,76.13570161771052,0.2636803469925802,2.1590877095936394,1528.2903716565816,13.739008954237079,pressure_drop
2024-08-01 02:14:00,PUMP_01,76.43431977685638,0.20551877841230018,2.493115672487802,1470.3620679302487,13.86632892453435,pressure_drop
2024-08-01 02:15:00,PUMP_02,75.08315092194744,0.21773947303545443,5.043615939457283,1239.3044083535603,38.66035181289851,overload
2024-08-01 02:16:00,PUMP_02,92.92348015432053,0.6158548587597732,5.036735836657763,1514.7141868014924,14.342888589589993,bearing_wear
2024-08-01 02:17:00,MOTOR_02,74.56556608380336,0.2147071211380501,4.9960060228189755,1188.6959212561499,28.722674546816666,overload
2024-08-01 02:18:00,PUMP_03,73.72339898471614,0.24765638459705075,4.876421119303557,1206.0535411364988,26.06623533966844,overload
2024-08-01 02:19:00,PUMP_01,92.79710494851007,0.7573787137929833,5.108058966553778,1497.889410576139,13.840253762199218,bearing_wear
2024-08-01 02:20:00,PUMP_02,72.6277868012703,0.1991121798725381,4.790960860073996,1191.5424690354605,37.991904199425,overload
2024-08-01 02:21:00,MOTOR_01,94.79728215497934,0.30485562313636294,5.086549752272395,1495.527998250088,12.596076838895721,bearing_wear
2024-08-01 02:22:00,MOTOR_02,77.05317303129803,0.1306797327604142,2.9235718991353448,1511.9402810053987,14.747417646649465,pressure_drop
2024-08-01 02:23:00,MOTOR_02,75.05780650634833,0.22876143052221357,4.722687841476774,1195.964277794835,36.72449339405687,overload
2024-08-01 02:24:00,PUMP_01,96.80286234550483,0.49886889422243347,4.774279669392559,1519.7368401851747,14.90045504925037,bearing_wear
2024-08-01 02:25:00,MOTOR_02,78.7306715498694,0.18801861825573232,4.657716015263543,1181.8564399778647,29.606173387984697,overload
2024-08-01 02:26:00,MOTOR_01,97.2255631805009,0.6999168612386297,4.809651891735554,1494.9886136533175,13.820681159332175,bearing_wear
2024-08-01 02:27:00,MOTOR_01,92.70521081744886,0.7258420233338564,5.16786665177312,1516.1345598901896,13.135538529851603,bearing_wear
2024-08-01 02:28:00,PUMP_03,101.88499969957826,0.30776520612921293,5.014463987062978,1479.9529223461604,13.508398544203274,bearing_wear
2024-08-01 02:29:00,PUMP_01,100.09948409039592,0.6506917166982391,5.043807365401707,1491.3053592464262,13.686676718772093,bearing_wear
2024-08-01 02:30:00,PUMP_02,94.1384560938311,0.2767413302497768,4.904495954979513,1520.6878785233432,14.290962646146847,bearing_wear
2024-08-01 02:31:00,MOTOR_02,75.78024829119741,0.28229023995494973,4.791095639008113,1182.2072684109776,26.725931174961275,overload
2024-08-01 02:32:00,PUMP_02,75.33704138859466,0.12034420853700488,4.519205400775617,1193.0563123357078,39.77577288627976,overload
2024-08-01 02:33:00,PUMP_01,78.03778297914249,0.2295433513287559,4.98310410821439,1192.1700806190952,31.74144433976283,overload
2024-08-01 02:34:00,PUMP_02,72.03203044181754,0.19088158573942388,5.16649973595013,1198.504926184002,27.1436385445137,overload
2024-08-01 02:35:00,MOTOR_02,81.11944094723444,0.27106853445457874,5.195707607639124,1202.9326030939253,31.88941108935407,overload
2024-08-01 02:36:00,PUMP_02,73.52875250054036,0.230937952117736,1.8634928751940412,1496.1180008149859,13.398134480737978,pressure_drop
2024-08-01 02:37:00,PUMP_01,74.70625514228034,0.25041130435624925,5.024735788312995,1178.6584258832943,26.074995669435054,overload
2024-08-01 02:38:00,PUMP_02,72.50428173828963,0.2357804513024491,4.7562362531260804,1226.989457869685,35.09461407809998,overload
2024-08-01 02:39:00,MOTOR_01,95.58268651547456,0.27082215055407455,4.9737036720263745,1514.9320124225053,13.950735010032068,bearing_wear
2024-08-01 02:40:00,PUMP_02,76.40888053786803,0.28656714107287906,4.8725214857615375,1185.2590054826826,34.67620486677663,overload
2024-08-01 02:41:00,MOTOR_01,74.14567430536778,0.20180561162646937,5.194530091936849,1183.8040929273855,39.111137716394715,overload
2024-08-01 02:42:00,MOTOR_02,103.72400158385081,0.4874148900211592,4.859708946460514,1505.9568404278361,12.398730201277447,bearing_wear
2024-08-01 02:43:00,MOTOR_01,101.00827775960322,0.7056285827287684,5.058997040862276,1476.4735651043327,14.305011730182377,bearing_wear
2024-08-01 02:44:00,PUMP_01,74.61201726997314,0.1735586800769159,2.551631730182905,1505.9978318105727,12.969760889605793,pressure_drop
2024-08-01 02:45:00,PUMP_01,76.89262987718615,0.11154701965544087,2.403628489368066,1489.617297506572,15.186385671379126,pressure_drop
2024-08-01 02:46:00,MOTOR_01,91.6548038397054,1.0153875895559925,4.7884380585656725,1524.586264215944,13.234470730482785,bearing_wear
2024-08-01 02:47:00,PUMP_01,75.95639430520467,0.2661698578038885,4.992084612067072,1182.0776627279781,34.4845633202725,overload
2024-08-01 02:48:00,PUMP_01,76.91205481789724,0.22873107362160655,1.9561515030284904,1522.7558530421866,13.838065984531156,pressure_drop
2024-08-01 02:49:00,PUMP_03,74.70623516907695,0.11798892560193684,5.285080186780643,1229.1441899784256,39.04405068889609,overload
2024-08-01 02:50:00,PUMP_01,94.72599044491041,0.9839838988050257,4.892404692452202,1513.9486991473498,13.37143464012075,bearing_wear
2024-08-01 02:51:00,PUMP_02,94.11527771080571,0.531882051049665,5.234540093761949,1506.291202890028,13.749138906075496,bearing_wear
2024-08-01 02:52:00,PUMP_01,95.36776517179959,1.3251516468471995,4.9764315730988615,1504.689764314876,12.849201240775901,bearing_wear
2024-08-01 02:53:00,MOTOR_01,76.3296395763768,0.14398188750327878,2.0165781857587506,1512.246500721543,13.853402331396813,pressure_drop
2024-08-01 02:54:00,MOTOR_02,75.12963467732605,0.13928969851020048,5.118537868134708,1229.8982980883247,37.79027108932263,overload
2024-08-01 02:55:00,PUMP_01,97.73075949843758,0.8417399855870928,5.128207035514154,1505.4905399355102,14.417881370049766,bearing_wear
2024-08-01 02:56:00,MOTOR_01,76.57108795429248,0.29423616942921893,2.023416475679498,1482.1423161275195,12.90237763361585,pressure_drop
2024-08-01 02:57:00,PUMP_03,76.70997875175856,0.22944723877184312,4.617768919652889,1186.8452810593321,36.11020636909718,overload
2024-08-01 02:58:00,PUMP_02,76.60514066385377,0.2534035616659067,2.4532999251118817,1512.579635300048,14.901263720220651,pressure_drop
2024-08-01 02:59:00,MOTOR_02,71.77153474958209,0.28147848349095506,4.943076452131502,1191.9196198534153,25.608756529735587,overload
2024-08-01 03:00:00,PUMP_01,76.22291301259403,0.24212378436137932,5.066586726588198,1199.0486966616706,32.035952468956154,overload
2024-08-01 03:01:00,MOTOR_01,73.3955408478729,0.14603866677995833,4.7483884505701965,1168.0861580220678,35.59056945427524,overload
2024-08-01 03:02:00,PUMP_02,73.00879778890771,0.23837429145392466,4.706456781937377,1190.1979904321727,26.679347359129036,overload
2024-08-01 03:03:00,PUMP_02,89.78751613963868,0.6627619455095007,5.2034599935622,1490.402514411217,14.498805587823902,bearing_wear
2024-08-01 03:04:00,MOTOR_01,96.344464947661,0.6767927662908474,4.8427741792944445,1496.1860858564166,13.682648435208357,bearing_wear
2024-08-01 03:05:00,PUMP_03,74.95535909932623,0.11834941648515478,5.343923389703797,1205.574553677321,39.98444237986635,overload
2024-08-01 03:06:00,PUMP_01,95.64518001575735,0.9752823729140694,4.854504276757147,1504.3284863002907,14.084131739100586,bearing_wear
2024-08-01 03:07:00,MOTOR_02,100.69057480993317,1.2260022938092685,4.986972332247319,1490.9308123658354,13.25263135893608,bearing_wear
2024-08-01 03:08:00,MOTOR_01,76.66357326903255,0.1496897914405421,4.530138419410067,1212.5526515697572,30.099261026042388,overload
2024-08-01 03:09:00,PUMP_02,72.47947165805674,0.24183676474905852,2.933049907839626,1513.8902350678172,12.56706764652643,pressure_drop
2024-08-01 03:10:00,PUMP_03,99.28297364402712,0.4859705357003985,4.894147831998791,1502.495981069482,13.311276758949598,bearing_wear
2024-08-01 03:11:00,PUMP_02,71.95063776117432,0.1040380017201751,4.658020246712102,1212.0739877445221,36.496904841958816,overload
2024-08-01 03:12:00,MOTOR_01,73.26105461028709,0.21236541227410657,2.1544506033692685,1510.5062274780569,13.06646340101372,pressure_drop
2024-08-01 03:13:00,PUMP_02,75.14307335474395,0.1306728717922073,1.6285858018332813,1499.9704478076383,12.342000577563097,pressure_drop
2024-08-01 03:14:00,PUMP_01,101.03183288697059,1.0033021485301872,4.671650621152494,1507.826382892931,13.224385331594052,bearing_wear
2024-08-01 03:15:00,PUMP_02,78.00909690571952,0.16032862953024404,5.173217005661519,1178.736249693431,26.2018794191421,overload
2024-08-01 03:16:00,PUMP_01,94.16646254890038,0.9079638834893671,5.086416853427122,1538.6247278571805,11.892442097188828,bearing_wear
2024-08-01 03:17:00,MOTOR_01,75.0640207470724,0.20255302767235156,2.6748045184358995,1478.4630709843125,14.76948813867258,pressure_drop
2024-08-01 03:18:00,PUMP_01,73.0614594569645,0.12921981970890473,2.898705240295472,1499.3002748756744,14.668910793039839,pressure_drop
2024-08-01 03:19:00,MOTOR_02,99.30396872958454,0.7580332142752748,4.836771450960368,1493.3376547929151,13.096326867394524,bearing_wear
2024-08-01 03:20:00,PUMP_02,74.29007685158564,0.10621375446384444,2.1873379550679637,1503.4181746406273,13.74311136953109,pressure_drop
2024-08-01 03:21:00,PUMP_01,72.47823382998602,0.25702253663166064,1.7911977591580739,1526.1304394223835,14.85703897884508,pressure_drop
2024-08-01 03:22:00,PUMP_03,95.89940041460008,0.8037107623485388,5.018437897625817,1512.6982067188849,14.629015073570114,bearing_wear
2024-08-01 03:23:00,PUMP_01,76.43248819537088,0.2537515298804719,5.010421217399461,1185.6879606917707,36.430632522851994,overload
2024-08-01 03:24:00,MOTOR_01,74.80617805449778,0.18549841900970943,4.9053730795663215,1194.8021022415444,26.160829330783333,overload
2024-08-01 03:25:00,MOTOR_02,90.55968326196479,0.7550102050322363,4.908698492893516,1515.70053926608,12.925960027648006,bearing_wear
2024-08-01 03:26:00,PUMP_01,104.12088424504873,0.8277841097460976,4.894238530306321,1524.2751125806055,12.768167348943289,bearing_wear
2024-08-01 03:27:00,MOTOR_01,77.25140279051254,0.23212410273325648,1.553212266596694,1480.7700849941125,14.72577017412456,pressure_drop
2024-08-01 03:28:00,PUMP_03,77.29800706341048,0.14424057940926632,1.5111160994507065,1535.993303332085,13.96165725418282,pressure_drop
2024-08-01 03:29:00,PUMP_01,76.88100176040291,0.17000346675065964,2.8203959459182433,1461.4734105586097,12.315387389641055,pressure_drop
2024-08-01 03:30:00,MOTOR_01,90.23560635654442,0.843333216297052,5.044498669692301,1483.5270716513744,13.078621309442937,bearing_wear
2024-08-01 03:31:00,MOTOR_01,77.40205586347855,0.16661791649486898,5.040085801244327,1206.0340751849615,28.149895623927154,overload
2024-08-01 03:32:00,PUMP_03,76.58405606863161,0.18422721015634583,4.720672354141592,1227.218032876554,34.615376847824365,overload
2024-08-01 03:33:00,PUMP_02,73.96565143095712,0.17198614743244647,4.844960264193618,1226.2906740606193,30.915982696317947,overload
2024-08-01 03:34:00,MOTOR_01,77.72388173266806,0.14113366398376623,5.1566548344370275,1219.8233471507722,39.838478325446644,overload
2024-08-01 03:35:00,MOTOR_02,95.63496300839525,1.0105982031394949,4.958250449026863,1477.297469624393,14.38697148372356,bearing_wear
2024-08-01 03:36:00,MOTOR_01,92.67661615971042,0.6418286188366821,5.198233265063714,1450.4216562922938,13.400909851251711,bearing_wear
2024-08-01 03:37:00,PUMP_01,77.57122546679608,0.12928195726439995,5.168074095095934,1170.482287789635,27.465262303708418,overload
2024-08-01 03:38:00,MOTOR_02,76.32509263634259,0.27070554524465396,1.756294028222602,1467.610561388438,13.831784509742437,pressure_drop
2024-08-01 03:39:00,MOTOR_01,73.70110464767842,0.29305252132893084,1.5918000588020393,1488.885536777676,12.396408991316399,pressure_drop
2024-08-01 03:40:00,MOTOR_01,75.95877694964557,0.09904400013685036,1.9038642558541534,1529.3649372139018,13.383538107898161,pressure_drop
2024-08-01 03:41:00,PUMP_02,77.1844991330175,0.1518990616413632,5.009252090687139,1197.08925545492,34.361680944856225,overload
2024-08-01 03:42:00,PUMP_01,74.82580897023877,0.1323482213635614,4.6146047586785635,1208.5536854155225,32.519943042122456,overload
2024-08-01 03:43:00,MOTOR_02,73.87307691128012,0.14072941680147633,5.1473249893378465,1192.178015942426,37.79832885472262,overload
2024-08-01 03:44:00,MOTOR_01,77.83071475010983,0.1509549419819512,5.314254353975708,1194.9226338335825,30.635027322517722,overload
2024-08-01 03:45:00,PUMP_01,71.87002086709171,0.1672628074691049,5.228879000908745,1175.2610520542164,37.52381115094917,overload
2024-08-01 03:46:00,MOTOR_01,73.52673148491985,0.28917823237695345,2.331387604512509,1498.024916934529,12.161446610714979,pressure_drop
2024-08-01 03:47:00,MOTOR_01,71.48672481672848,0.17935682720405993,4.759539089536386,1209.2837811095003,31.812705840648327,overload
2024-08-01 03:48:00,PUMP_01,101.18337574488444,0.7220707280323634,5.241825452293692,1476.7413842765345,14.13387249117791,bearing_wear
2024-08-01 03:49:00,PUMP_01,76.44506746019778,0.11275039465081717,5.042344159090823,1193.9263495099667,34.19798717374566,overload
2024-08-01 03:50:00,MOTOR_01,95.25603991937687,0.38084931994634524,4.921957655900211,1474.2228925876977,12.307769982621883,bearing_wear
2024-08-01 03:51:00,MOTOR_01,77.59577219517021,0.11066099665210821,5.239936333050858,1201.390163203927,34.99180332361791,overload
2024-08-01 03:52:00,MOTOR_02,98.40464808144417,1.1863818377546322,5.228293848601458,1529.3707637660839,12.68603146162963,bearing_wear
2024-08-01 03:53:00,PUMP_02,75.29000063475485,0.10406403258950464,5.027191979480761,1183.3566102741488,25.946829658403274,overload
2024-08-01 03:54:00,MOTOR_01,71.77958013697864,0.17410586483995272,4.8585430777791805,1229.1816477823759,32.736941347905386,overload
2024-08-01 03:55:00,PUMP_01,94.1730591055921,0.9903540290933608,5.2636041762259165,1525.4621018411651,14.332908666659133,bearing_wear
2024-08-01 03:56:00,MOTOR_01,94.70051682214583,0.9908905725519311,5.072591571502052,1503.9011011182688,14.44425881510655,bearing_wear
2024-08-01 03:57:00,PUMP_03,71.82010661474989,0.1055716288273946,1.7147764492162556,1474.1695662341417,12.958444674974249,pressure_drop
2024-08-01 03:58:00,PUMP_03,73.10201052053417,0.1225493671393609,2.164972724788022,1491.8072532619606,14.216438542213679,pressure_drop
2024-08-01 03:59:00,MOTOR_02,98.21620976289427,1.0190134904659605,4.914876029974312,1505.2984669473535,14.226452876104005,bearing_wear
2024-08-01 04:00:00,MOTOR_01,96.71715554260835,0.5007801679610582,4.901548142664607,1483.8380829428813,12.597424769039518,bearing_wear
2024-08-01 04:01:00,PUMP_02,73.25174731133876,0.11876309844547558,2.317591029272707,1506.7506406396883,13.486193449048944,pressure_drop
2024-08-01 04:02:00,MOTOR_02,90.3755439947559,0.8013129838197256,5.016275161945993,1516.4929937622862,12.273572519294197,bearing_wear
2024-08-01 04:03:00,MOTOR_02,76.82551972332567,0.2806478020580886,2.688569320431015,1474.3354824937578,12.78487149575555,pressure_drop
2024-08-01 04:04:00,MOTOR_02,92.06064282601814,1.133752223462925,4.986380375482779,1496.6839986324283,13.26176536667455,bearing_wear
2024-08-01 04:05:00,PUMP_03,73.80023381048962,0.24128661501163456,5.026254127522758,1223.924741252356,34.77711751298174,overload
2024-08-01 04:06:00,MOTOR_01,76.00229857760087,0.19985462717849534,5.090019700445484,1192.6538952064354,33.45521989729434,overload
2024-08-01 04:07:00,MOTOR_02,77.0511881295262,0.11242831508099457,2.8302644912160586,1527.7361247159513,12.562590153461517,pressure_drop
2024-08-01 04:08:00,MOTOR_01,94.60264797918867,0.6422607618874744,5.351825098851344,1496.8077030367538,12.725491968087548,bearing_wear
2024-08-01 04:09:00,PUMP_01,72.29059441527569,0.14415698050310657,2.827469772915874,1493.2366882601964,14.880872985256337,pressure_drop
2024-08-01 04:10:00,PUMP_03,97.92556519662494,0.5620427300397344,4.967834114226375,1503.6000852534162,13.391200331141134,bearing_wear
2024-08-01 04:11:00,MOTOR_02,92.03999552578134,0.38501277152624386,5.088962923331048,1506.2606756676844,14.136105800796702,bearing_wear
2024-08-01 04:12:00,MOTOR_02,74.52623283409345,0.12071762575554032,2.0882225121505673,1525.2805883115448,14.589979066464972,pressure_drop
2024-08-01 04:13:00,MOTOR_01,73.34228026315411,0.21763315610740594,2.0636406252768893,1477.1546481235434,14.109212529745589,pressure_drop
2024-08-01 04:14:00,PUMP_01,93.79943500428432,0.8304860030530659,5.332273417935667,1486.268349438566,12.428407067794287,bearing_wear
2024-08-01 04:15:00,PUMP_03,74.77583100222841,0.17613307033065226,2.262743583611323,1495.8439431679149,15.114402359979678,pressure_drop
2024-08-01 04:16:00,MOTOR_01,76.42219945771296,0.279441331978447,2.772477348520347,1493.2731028840988,13.508673861613111,pressure_drop
2024-08-01 04:17:00,PUMP_03,73.19892433900174,0.14396028998184476,5.105589725759519,1221.43767176883,32.26419248991786,overload
2024-08-01 04:18:00,MOTOR_01,78.03244968224678,0.16638450569543847,4.9902138309452315,1198.131719960387,30.48635770528888,overload
2024-08-01 04:19:00,MOTOR_02,74.24505237777826,0.2967642608520468,1.7819758747361525,1504.6121896812833,13.404620520443666,pressure_drop
2024-08-01 04:20:00,MOTOR_01,74.68944101053087,0.23775662396252398,2.543547705583001,1504.082123072067,12.630893648890606,pressure_drop
2024-08-01 04:21:00,PUMP_03,74.23140614676294,0.18654689175956365,2.3337839400071214,1529.6431305470965,13.169580469418358,pressure_drop
2024-08-01 04:22:00,MOTOR_02,74.50631522928683,0.09242439332374729,4.947732940870756,1238.769748659967,28.453590818313092,overload
2024-08-01 04:23:00,PUMP_01,88.73631253676585,0.5267131430217357,5.275175782901017,1523.9811202594983,12.69384008446115,bearing_wear
2024-08-01 04:24:00,PUMP_02,75.0862157237013,0.27198803752556383,5.274523551609399,1205.6584921646095,29.377909899050344,overload
2024-08-01 04:25:00,PUMP_03,76.56234684135192,0.20509864994701046,2.316494199611818,1449.4995566979312,12.150645103900537,pressure_drop
2024-08-01 04:26:00,PUMP_03,77.16796126180922,0.17376984678108945,2.5778470172196934,1486.334316110432,14.27434243670754,pressure_drop
2024-08-01 04:27:00,MOTOR_01,74.51974430835864,0.1604658983655967,2.5234233166991658,1500.015530477467,15.028931721353558,pressure_drop
2024-08-01 04:28:00,PUMP_01,76.21242491902743,0.2624996733047626,5.183809397539367,1201.966412560825,25.621473014377344,overload
2024-08-01 04:29:00,MOTOR_01,93.91174990665306,0.4923670996556288,4.933253745904617,1501.0659248053203,12.650477442392791,bearing_wear
2024-08-01 04:30:00,MOTOR_02,76.52251231007213,0.15260834688098976,4.638060008782927,1207.3473595077219,39.4727402320332,overload
2024-08-01 04:31:00,MOTOR_01,73.8805646784488,0.20717478571843434,1.924150143581406,1515.589447864958,14.45916065498174,pressure_drop
2024-08-01 04:32:00,PUMP_03,74.69465296798656,0.16833734371635628,2.2609212538937795,1501.9471464949881,13.92413134483366,pressure_drop
2024-08-01 04:33:00,PUMP_03,77.03257457148285,0.16720740536329237,2.13904022302455,1510.2921314285563,13.115941297108462,pressure_drop
2024-08-01 04:34:00,PUMP_02,93.67669377155498,0.8286130439693902,4.616216565497776,1520.6251310295577,12.957928756973399,bearing_wear
2024-08-01 04:35:00,PUMP_03,98.27672998999105,0.36741202453886795,4.933824314466443,1505.6935207496472,13.240969045078623,bearing_wear
2024-08-01 04:36:00,MOTOR_01,74.50427479576648,0.2503003448472342,2.6335351054343317,1494.2925143244079,13.396787752334804,pressure_drop
2024-08-01 04:37:00,PUMP_01,73.71533717293413,0.2259790173156871,1.7852471555429903,1527.307703273723,12.589317176980973,pressure_drop
2024-08-01 04:38:00,MOTOR_02,98.82814703799866,0.8128430005694371,4.991489899221788,1508.1719292796759,12.5841045172065,bearing_wear
2024-08-01 04:39:00,PUMP_01,92.23531145323784,1.0568883634992083,5.053720325424896,1476.5487302004026,12.350740527581156,bearing_wear
2024-08-01 04:40:00,PUMP_01,75.2829428721537,0.1003423236627401,5.392904632195969,1213.3683947361342,36.31132066562171,overload
2024-08-01 04:41:00,PUMP_01,74.82418445260322,0.124946758647071,2.2979565234724277,1485.5350500221564,12.477897175632775,pressure_drop
2024-08-01 04:42:00,MOTOR_01,75.66519880879629,0.20438124398527366,2.259487365557937,1525.5771453812638,12.454860656639198,pressure_drop
2024-08-01 04:43:00,PUMP_02,71.65263968816454,0.10140969535638235,5.163951040829188,1211.8701009370393,30.38098311020306,overload
2024-08-01 04:44:00,PUMP_01,69.93284939731937,0.22062494915801503,5.018454261016615,1219.2709900114933,29.54129163439621,overload
2024-08-01 04:45:00,MOTOR_01,77.4409211584243,0.22607305920771456,2.4882185904630743,1506.1311882952853,14.272877644477449,pressure_drop
2024-08-01 04:46:00,PUMP_02,72.36710128241897,0.3042406884051889,2.2767165426986917,1481.448985380121,14.16122971989897,pressure_drop
2024-08-01 04:47:00,PUMP_03,76.72059837032988,0.11755384168025737,2.7585067109257673,1466.514451873751,14.612552449547767,pressure_drop
2024-08-01 04:48:00,MOTOR_02,100.68273438408733,0.8416259625368956,5.293551813647036,1506.56223679428,13.88053453389312,bearing_wear
2024-08-01 04:49:00,MOTOR_01,76.64337198503549,0.26104829228520393,2.3059051204932297,1518.637568795478,14.751557706462275,pressure_drop
2024-08-01 04:50:00,PUMP_02,96.00867748468013,0.48449778059607723,4.689645305875093,1509.6138659767205,13.091073212307307,bearing_wear
2024-08-01 04:51:00,PUMP_03,91.9350900027889,0.23668891677215886,4.663503757654787,1485.3967626544825,12.635387694663134,bearing_wear
2024-08-01 04:52:00,MOTOR_01,76.44701612187681,0.28995459035126186,5.026137654824318,1218.6830762012667,37.14433839699832,overload
2024-08-01 04:53:00,MOTOR_02,100.5584327418379,0.29613324927337864,5.157673140439681,1497.110405121874,12.715928474655142,bearing_wear
2024-08-01 04:54:00,MOTOR_02,96.5180266445251,0.32629297425929343,5.091831746379475,1511.0136020023956,15.09245896820793,bearing_wear
2024-08-01 04:55:00,MOTOR_02,96.31488233652446,0.4492510781179881,4.753106010964529,1485.2733176097004,12.181991338161799,bearing_wear
2024-08-01 04:56:00,PUMP_01,77.10770068965617,0.23424801978460066,4.8648787081182565,1207.1728830087359,30.95557137240513,overload
2024-08-01 04:57:00,MOTOR_01,78.59306496623161,0.2670461581334109,1.8642430807523203,1516.1284075157387,12.239138660279359,pressure_drop
2024-08-01 04:58:00,MOTOR_02,100.31162272204946,0.5359490137262015,5.251735465609901,1501.8316172326863,13.348041195816798,bearing_wear
2024-08-01 04:59:00,PUMP_02,94.53216963407831,0.8843939430398859,5.040136835103656,1516.1542118939285,14.045029965544444,bearing_wear
2024-08-01 05:00:00,PUMP_02,91.18717021684469,0.798168298836344,4.757550096390474,1486.7612003486677,14.880565612434927,bearing_wear
2024-08-01 05:01:00,MOTOR_02,75.5023817092754,0.2446532455675801,2.1366002528238983,1501.9164240646962,14.020218081787865,pressure_drop
2024-08-01 05:02:00,PUMP_02,73.44373499274433,0.19250678839902122,1.8876922798696887,1476.643312416287,13.404737520600895,pressure_drop
2024-08-01 05:03:00,PUMP_02,72.36165073168695,0.25409348255125264,2.701201864059218,1551.7415125732587,12.342674511356885,pressure_drop
2024-08-01 05:04:00,PUMP_02,77.7801951166865,0.2675665156160547,1.724418824353347,1481.3139073129867,14.201454305420562,pressure_drop
2024-08-01 05:05:00,MOTOR_01,96.17130520919402,0.7417571575555473,5.244565011037151,1512.7678706833972,11.711335149700108,bearing_wear
2024-08-01 05:06:00,MOTOR_02,74.73861422628181,0.2367218630422306,5.098894026334243,1203.2952412462885,27.421534077418883,overload
2024-08-01 05:07:00,PUMP_03,73.45608120921574,0.24327772571106415,4.94945978530977,1195.80223383874,29.759234868108216,overload
2024-08-01 05:08:00,MOTOR_01,73.6913487431327,0.1407095690671773,5.0559262102350955,1197.895324229481,39.03654190555329,overload
2024-08-01 05:09:00,PUMP_02,94.93240721833989,0.9899235352111407,5.108900346527471,1508.0051499321949,13.513604869071035,bearing_wear
2024-08-01 05:10:00,PUMP_03,76.03117064717115,0.18728550331497432,2.2707353058874022,1512.7170269013002,14.15624964896639,pressure_drop
2024-08-01 05:11:00,MOTOR_01,99.40043178825171,0.5211963969082644,4.898602074434875,1495.1281105625985,12.195774254571443,bearing_wear
2024-08-01 05:12:00,MOTOR_01,77.7175737148066,0.22332874338156142,2.9141247933059535,1475.3814898037876,12.658063404082567,pressure_drop
2024-08-01 05:13:00,PUMP_02,75.24466245985322,0.27441385889408043,1.5902663698842712,1533.4410762071736,12.713089951363477,pressure_drop
2024-08-01 05:14:00,MOTOR_02,96.73838385488327,0.27750213180326616,5.074124889565061,1485.3267444490066,13.78907802883273,bearing_wear
2024-08-01 05:15:00,PUMP_02,76.0462840852181,0.23215183951715357,4.9988533205538515,1230.8584448347974,35.093232829076676,overload
2024-08-01 05:16:00,MOTOR_02,74.81202145820596,0.2893946818348945,4.523565387319696,1178.2404661437097,37.714003204987115,overload
2024-08-01 05:17:00,MOTOR_01,76.47054401426098,0.281827375449278,2.3435880025840747,1489.326747763394,13.822120999484335,pressure_drop
2024-08-01 05:18:00,PUMP_01,79.13140179307507,0.18440465748224605,2.4334289602901276,1498.8557776625514,13.33171610409171,pressure_drop
2024-08-01 05:19:00,MOTOR_01,98.8232387718473,0.6196703192919233,5.444351392005628,1506.6194877350622,13.929031371896205,bearing_wear
2024-08-01 05:20:00,PUMP_03,95.74393460675148,0.8967196818651986,4.809683193435895,1481.6587197558085,12.988643900927148,bearing_wear
2024-08-01 05:21:00,PUMP_01,93.19768813460851,0.49276588643676034,5.27555522211348,1508.6548781221582,13.886321522224474,bearing_wear
2024-08-01 05:22:00,PUMP_02,72.37981335792445,0.10441335604738636,2.2037222908178737,1471.8475777340495,12.484367093882549,pressure_drop
2024-08-01 05:23:00,PUMP_01,97.88492262373418,0.5255073016684763,4.758780475878351,1502.0651273314647,13.230751995892453,bearing_wear
2024-08-01 05:24:00,PUMP_03,76.58100653139695,0.2959465850778737,1.879815390771816,1528.0221027956425,14.576187339010055,pressure_drop
2024-08-01 05:25:00,MOTOR_01,76.93287515913313,0.22507315103177572,5.170225912674399,1183.6008877168495,33.72924173398234,overload
2024-08-01 05:26:00,PUMP_03,97.02523593880457,0.2744816929117539,4.864128365834386,1492.0852426640631,12.441026711752471,bearing_wear
2024-08-01 05:27:00,MOTOR_01,77.73858229939518,0.21498397036671407,5.149031705866328,1212.2641550088183,30.692739510834752,overload
2024-08-01 05:28:00,MOTOR_02,73.35371231410154,0.15261618264628168,5.0065549130907465,1177.417908408089,25.054528544802842,overload
2024-08-01 05:29:00,MOTOR_02,77.29616345186763,0.2569433087644622,5.0016004588526375,1187.6765833996662,38.310651673471895,overload
2024-08-01 05:30:00,MOTOR_01,96.62311989844652,0.5689795642819058,4.820648299953076,1491.3698353611487,12.718308755577608,bearing_wear
2024-08-01 05:31:00,PUMP_01,73.60137132129913,0.2709659432258861,5.454257027071601,1200.0930001609242,35.04505590206884,overload
2024-08-01 05:32:00,MOTOR_02,74.68108942940061,0.2727354763715583,4.925526547993502,1203.7164084820877,35.64293459731125,overload
2024-08-01 05:33:00,PUMP_03,92.14334246204153,0.3231174195132198,5.107152062352047,1482.7344490244818,13.825641713873251,bearing_wear
2024-08-01 05:34:00,MOTOR_01,90.42511682466598,0.6947396106517443,5.078493468586728,1446.2106623466648,15.016083062936158,bearing_wear
2024-08-01 05:35:00,PUMP_03,73.26185416791718,0.22545616995226525,1.8429796462283503,1473.9772627594602,12.504208988925082,pressure_drop
2024-08-01 05:36:00,PUMP_03,90.552789575496,0.39200339912122145,5.19307545811512,1499.4948169181212,14.197935321705371,bearing_wear
2024-08-01 05:37:00,PUMP_01,89.99288075219197,0.5441853028069182,5.075789410958712,1535.9462461175347,12.762922874654436,bearing_wear
2024-08-01 05:38:00,PUMP_03,95.77321778507834,1.1583817125202356,4.731350460997749,1527.3058353846952,14.521521335683902,bearing_wear
2024-08-01 05:39:00,MOTOR_02,75.88765542761213,0.11257035248918527,1.5528019115300535,1519.8632390322496,13.963772562688868,pressure_drop
2024-08-01 05:40:00,PUMP_02,73.14059746172643,0.24189460298126075,1.5650408956355182,1464.6959159710846,13.558413550602179,pressure_drop
2024-08-01 05:41:00,MOTOR_02,73.50831710388154,0.2152346869911719,4.996199130454362,1222.56920697237,26.084758829192797,overload
2024-08-01 05:42:00,PUMP_02,76.61827432535843,0.13273389126531449,1.7172752041223025,1494.5789225321964,15.006491921620965,pressure_drop
2024-08-01 05:43:00,MOTOR_01,77.19875836131088,0.10863888826541067,2.660971544654687,1500.9542338136248,13.913031783542595,pressure_drop
2024-08-01 05:44:00,PUMP_03,100.19812021566909,1.2902091767537989,4.901423730152455,1510.3842279010487,13.133925612338897,bearing_wear
2024-08-01 05:45:00,PUMP_03,97.2626594473756,0.38367125570447347,4.849248371116822,1498.8970905291708,13.085600430882044,bearing_wear
2024-08-01 05:46:00,PUMP_02,73.93738273255798,0.26935217225209196,4.701858290778828,1216.3674685382277,29.460587858398217,overload
2024-08-01 05:47:00,MOTOR_01,73.72161879708189,0.29511723661040995,2.9252024193148207,1508.3133116943382,13.300327803627278,pressure_drop
2024-08-01 05:48:00,MOTOR_01,78.9362688971357,0.25533937942547874,2.966033724570044,1508.9153294061318,14.017880024100515,pressure_drop
2024-08-01 05:49:00,PUMP_02,98.6307774389874,0.38707958204037324,5.102651611470027,1479.540594490819,12.861801498374426,bearing_wear
2024-08-01 05:50:00,PUMP_02,75.66907742232856,0.24276888334798893,2.842128597363098,1520.2568774223214,14.51566278426349,pressure_drop
2024-08-01 05:51:00,MOTOR_02,96.08379927971062,0.5789180672356721,4.99746258020579,1538.5021631263287,14.620654858360323,bearing_wear
2024-08-01 05:52:00,PUMP_03,76.40586372703521,0.22936742630284976,2.9032527126713235,1488.9301921090266,13.548422575619442,pressure_drop
2024-08-01 05:53:00,MOTOR_01,73.28254685222946,0.2688125167429777,2.431063230231011,1464.8499277085743,12.265002015760942,pressure_drop
2024-08-01 05:54:00,PUMP_02,92.00317275086779,0.24338490003874655,5.253199230790583,1480.3522758445583,15.174392106055697,bearing_wear
2024-08-01 05:55:00,PUMP_01,99.10379807236305,0.40731109069406235,5.059043769648606,1499.5180645750127,14.333857826593903,bearing_wear
2024-08-01 05:56:00,PUMP_03,73.25629253210839,0.24364359012491352,5.075084661419049,1230.9718146153245,31.59794563041079,overload
2024-08-01 05:57:00,MOTOR_01,77.08734300722328,0.2460958378663963,1.651382238753959,1505.0296827362745,14.582376965631486,pressure_drop
2024-08-01 05:58:00,PUMP_03,96.53742505386893,0.5398832241000971,4.990058631181759,1474.728361472193,13.935804925469332,bearing_wear
2024-08-01 05:59:00,MOTOR_02,76.070575846524,0.14014285278744215,5.079562106664617,1202.3088926362448,32.505465727743356,overload
2024-08-01 06:00:00,MOTOR_02,76.33871879305217,0.1827182034388695,5.319933155846114,1175.6825916460027,29.07649601633313,overload
2024-08-01 06:01:00,MOTOR_01,77.42031497275889,0.1421904856495875,1.5716105533257754,1496.7002831397724,13.981133520054257,pressure_drop
2024-08-01 06:02:00,PUMP_03,93.58380806032793,0.7013671046594796,4.873033617708953,1517.8551427905138,13.705677564798197,bearing_wear
2024-08-01 06:03:00,PUMP_01,74.8594788388251,0.17120422394026874,5.424246085408506,1189.0976218826124,36.84323715639938,overload
2024-08-01 06:04:00,MOTOR_01,74.96460086730546,0.13492684413762498,1.8092536792850984,1507.5801633965361,13.529937732153991,pressure_drop
2024-08-01 06:05:00,PUMP_03,72.84819075844115,0.1873222541536547,5.006530733985646,1214.663166933332,37.57194011197227,overload
2024-08-01 06:06:00,PUMP_03,76.92502344801798,0.24507867266214223,5.280072394156043,1191.7120761644817,39.415665537604625,overload
2024-08-01 06:07:00,PUMP_01,92.39013675616023,0.8014511445792035,4.913916321155279,1447.7695875344866,13.256872048244741,bearing_wear
2024-08-01 06:08:00,PUMP_03,92.66169669554037,0.3923895902373172,5.175509499381266,1492.990295615066,14.268784183965346,bearing_wear
2024-08-01 06:09:00,PUMP_02,74.00728058267192,0.14482985559823758,5.453679682556132,1206.2887015659624,35.52237250550008,overload
2024-08-01 06:10:00,PUMP_03,74.8951517712413,0.20456261329062328,4.87903819358194,1183.0134994962543,34.39978991885528,overload
2024-08-01 06:11:00,MOTOR_01,75.15330053008337,0.2982433405457395,2.068488677926477,1519.2251959813602,15.017246496055328,pressure_drop
2024-08-01 06:12:00,PUMP_03,73.85299036198197,0.28105807407633526,2.5206647989022333,1470.107937843158,14.551989988255263,pressure_drop
2024-08-01 06:13:00,PUMP_03,100.63334902844153,1.4338817177935363,5.231830918940292,1515.1598740805805,12.08483583700097,bearing_wear
2024-08-01 06:14:00,MOTOR_02,76.82654980894242,0.22209704580181305,4.653177644770836,1193.028009656048,33.37968595518332,overload
2024-08-01 06:15:00,PUMP_02,74.56104386202274,0.13020992269164952,2.4997920617298903,1505.5901655622993,14.68146539463762,pressure_drop
2024-08-01 06:16:00,PUMP_01,71.76297464802397,0.12815775767177945,5.181838424957213,1201.3854847699836,26.268653673079392,overload
2024-08-01 06:17:00,MOTOR_02,80.32283742180896,0.29564430069145203,4.748327000923718,1178.8116709916474,35.08076191455743,overload
2024-08-01 06:18:00,PUMP_01,95.91548875271663,0.4868510343970148,5.17314558703497,1530.4634789827853,12.515877681494816,bearing_wear
2024-08-01 06:19:00,MOTOR_01,76.62343486184916,0.29331944166572615,1.8114081233112302,1506.5249616894396,13.539675974412159,pressure_drop
2024-08-01 06:20:00,PUMP_02,78.23568782505782,0.3064500861773861,1.8111885301438853,1528.869187797251,14.906193549823751,pressure_drop
2024-08-01 06:21:00,MOTOR_01,74.83133080790772,0.19897171674291034,5.174262948208528,1201.1522791266568,37.149091724774195,overload
2024-08-01 06:22:00,MOTOR_02,72.55846869555258,0.16162075585354269,2.3910994649746633,1509.3768762542823,14.089173969174599,pressure_drop
2024-08-01 06:23:00,PUMP_01,76.00611359829455,0.19894378176826222,5.05690282481951,1208.1796283985602,36.12482517980873,overload
2024-08-01 06:24:00,MOTOR_01,87.58860821338375,0.48955326858932197,4.924715092849818,1487.2324077519997,12.380896851745613,bearing_wear
2024-08-01 06:25:00,MOTOR_01,74.16743452783453,0.1981915854437297,5.161385262760614,1197.2643810678003,30.628919039863376,overload
2024-08-01 06:26:00,PUMP_02,72.67531727702942,0.12127427987928653,1.985815356352917,1530.3573017845865,14.650510615295746,pressure_drop
2024-08-01 06:27:00,PUMP_01,98.48701443772569,0.6794065470047456,4.859655816879917,1522.036531390496,14.953605875315013,bearing_wear
2024-08-01 06:28:00,MOTOR_02,75.79172060889951,0.13821624522502374,2.0035330512008107,1517.1544778645666,13.27155805348867,pressure_drop
2024-08-01 06:29:00,PUMP_01,90.32179385341104,0.7120845843964887,5.013423621721974,1509.4995789956336,13.494587113187718,bearing_wear
2024-08-01 06:30:00,MOTOR_01,94.7657399347756,0.618660526587561,4.783845933354548,1486.0232872858894,15.311030911293376,bearing_wear
2024-08-01 06:31:00,PUMP_03,73.16807607952447,0.1747852049493891,4.93469603926894,1202.425006398865,35.17072290663334,overload
2024-08-01 06:32:00,MOTOR_01,92.68432101790577,1.0735957531019784,4.7941426354670575,1504.013514748379,13.220749151169233,bearing_wear
2024-08-01 06:33:00,PUMP_02,95.79232793723712,0.5513533135255787,5.3262955812190205,1503.4854823877833,12.166860823161809,bearing_wear
2024-08-01 06:34:00,MOTOR_02,99.29482121530215,0.7129389179239423,4.66140500697663,1489.9908294363202,12.44655769382159,bearing_wear
2024-08-01 06:35:00,MOTOR_01,73.63141698847868,0.2736586244013027,2.2136210905632696,1464.3857795643846,12.253784942458699,pressure_drop
2024-08-01 06:36:00,MOTOR_01,75.10668976600148,0.21314921394441128,1.80857201205243,1487.798933333702,14.097309222253429,pressure_drop
2024-08-01 06:37:00,PUMP_02,74.10421805252584,0.17150876806348275,4.842744705735397,1210.3548541366815,38.07200373992035,overload
2024-08-01 06:38:00,MOTOR_02,74.65158050604438,0.2564646045101648,5.037104206017287,1192.4720819614474,25.838848432806,overload
2024-08-01 06:39:00,MOTOR_01,95.94564367822538,0.5451015258273916,4.686187105576004,1451.6966142124109,14.213842735147603,bearing_wear
2024-08-01 06:40:00,MOTOR_02,74.44588763519201,0.20330804474952038,5.323597413916453,1180.6950320203155,34.006759860950815,overload
2024-08-01 06:41:00,PUMP_01,75.1065025064878,0.21396929499653342,2.5518018235920605,1500.1452773892013,15.032185150539757,pressure_drop
2024-08-01 06:42:00,MOTOR_02,77.1517550426797,0.21933436478876628,5.05144716902923,1197.8875250323852,33.380377574584095,overload
2024-08-01 06:43:00,MOTOR_02,96.28026117337825,0.5425304207110523,4.856564488602061,1466.395811278274,13.616833873120536,bearing_wear
2024-08-01 06:44:00,MOTOR_01,100.00090352679565,0.760093890314603,5.065721966705645,1510.9216444512144,13.407568969001105,bearing_wear
2024-08-01 06:45:00,MOTOR_01,96.9901236628153,0.7535171953187602,5.0662606261400835,1498.3446435825506,12.946438512781134,bearing_wear
2024-08-01 06:46:00,PUMP_02,74.41483029524153,0.22216733967060728,4.998630598616023,1195.6093620309473,35.325632197773544,overload
2024-08-01 06:47:00,MOTOR_02,74.08970215659791,0.28141490978249184,4.452672265935666,1192.8365185921118,36.32201688519409,overload
2024-08-01 06:48:00,MOTOR_01,73.38787846013874,0.28411704995641074,4.822343267759267,1206.921122526697,38.70177408840688,overload
2024-08-01 06:49:00,MOTOR_02,74.9613188522809,0.12652345536620926,2.170523864448451,1520.6367761089114,13.528619046690473,pressure_drop
2024-08-01 06:50:00,PUMP_02,98.17419625576962,1.0002447437373307,4.705816148315559,1501.9473824000943,12.85681324617158,bearing_wear
2024-08-01 06:51:00,MOTOR_01,77.42830346081628,0.17187656177222205,2.2953068308706808,1507.9455916471272,14.65410331470869,pressure_drop
2024-08-01 06:52:00,PUMP_01,74.55815337398141,0.26299226844622625,1.8807903014985836,1501.1706730725125,13.408421770068038,pressure_drop
2024-08-01 06:53:00,PUMP_01,90.0550939842571,0.6735153885532782,4.795657891112974,1470.3810917860308,15.015124347867342,bearing_wear
2024-08-01 06:54:00,MOTOR_01,73.61478196085507,0.24403829229016405,5.091592832100427,1214.3010610875604,36.44458602857149,overload
2024-08-01 06:55:00,PUMP_02,74.11602340406287,0.28006698168854166,5.110829338938045,1208.5407733379332,36.67376867056981,overload
2024-08-01 06:56:00,PUMP_02,76.24120282688834,0.21187720033173038,4.631230030451774,1196.487270036682,31.06615908534814,overload
2024-08-01 06:57:00,MOTOR_02,96.59819385743498,0.6272970287012901,5.052554062519887,1514.103362294213,12.096850135601562,bearing_wear
2024-08-01 06:58:00,MOTOR_02,76.47754735399297,0.1409545477291469,2.697558781324259,1491.3211425534116,12.085043144902636,pressure_drop
2024-08-01 06:59:00,PUMP_01,74.36263100422386,0.2459568403004296,2.5321359620674393,1447.0743395503184,12.840868203307934,pressure_drop
2024-08-01 07:00:00,PUMP_02,76.03577475022819,0.2929503787174638,5.18046391984644,1187.1099668149425,32.475403802300725,overload
2024-08-01 07:01:00,PUMP_01,76.49128973320002,0.19850022781884097,2.8164832053274966,1488.9117404884742,14.655190186020935,pressure_drop
2024-08-01 07:02:00,PUMP_02,94.2288429516808,0.36533180910281116,4.912465248870136,1518.062968723334,14.521201139860011,bearing_wear
2024-08-01 07:03:00,PUMP_03,71.02226627413641,0.24129536773189245,5.224238608875501,1206.8018018701237,39.700923972983986,overload
2024-08-01 07:04:00,MOTOR_02,74.09108223210512,0.16845086103827508,2.942843212654162,1485.2725659844696,12.848174838490111,pressure_drop
2024-08-01 07:05:00,MOTOR_01,73.09656318455045,0.2344819423942758,2.326714658683152,1494.3409920524932,13.705238067716655,pressure_drop
2024-08-01 07:06:00,MOTOR_02,74.49403729837107,0.2609719152105044,2.9737735633737317,1496.9898444879757,13.241034962758004,pressure_drop
2024-08-01 07:07:00,MOTOR_02,74.53411282350001,0.23628431752553514,1.5708805022800345,1517.7154201876015,14.657835633723618,pressure_drop
2024-08-01 07:08:00,MOTOR_02,76.26365248794234,0.1052191740561554,2.8105219127359495,1531.1232112874343,13.59483120645851,pressure_drop
2024-08-01 07:09:00,PUMP_02,74.8839557485494,0.20496131339276916,5.24408112332389,1179.9967000913982,33.032029601992036,overload
2024-08-01 07:10:00,MOTOR_02,98.1122924803261,0.57436133825412,4.741548267467527,1470.850489009374,13.093340161294675,bearing_wear
2024-08-01 07:11:00,PUMP_02,75.45672115338539,0.19876740766933124,1.7885386503634177,1494.7222420686553,14.169263499808878,pressure_drop
2024-08-01 07:12:00,PUMP_02,74.39425151410175,0.17884438582515402,4.869339614230353,1215.215410807739,31.92084330571142,overload
2024-08-01 07:13:00,PUMP_03,97.80947907336508,1.0677253597558598,5.319551440593525,1491.1112844139855,13.866591311855402,bearing_wear
2024-08-01 07:14:00,MOTOR_01,94.42098857935315,0.7113378172253638,5.062006053199807,1513.3614788818202,14.50984091702569,bearing_wear
2024-08-01 07:15:00,MOTOR_01,72.4599917699343,0.1723388403661708,4.676852627383914,1228.4134081727323,30.94748123308672,overload
2024-08-01 07:16:00,MOTOR_02,92.84745452434507,0.7582085471741722,4.950362839387121,1510.408301586617,14.787320276540052,bearing_wear
2024-08-01 07:17:00,PUMP_01,73.44241759323346,0.17454409856520492,2.250055432211754,1489.713860569236,11.693164836211704,pressure_drop
2024-08-01 07:18:00,MOTOR_01,72.83755306219818,0.2762926905367878,4.999177228218597,1217.8900732343218,35.86019203295624,overload
2024-08-01 07:19:00,MOTOR_02,95.89214975257815,0.4589625145895587,5.273336022820933,1531.7133571421764,11.951233654350679,bearing_wear
2024-08-01 07:20:00,MOTOR_02,75.01171287340202,0.24624870647515576,5.187389921453446,1200.7793134136707,38.010445797531695,overload
2024-08-01 07:21:00,PUMP_02,74.67135101787603,0.2109889199591533,4.858910302639147,1205.5556753196233,26.967511853796605,overload
2024-08-01 07:22:00,PUMP_03,101.2255847068233,0.682785304989711,4.917571301903095,1522.5795063439957,12.154059569474608,bearing_wear
2024-08-01 07:23:00,PUMP_03,94.48574284797041,0.5813303872206513,4.925949982939952,1506.3105376686133,14.45543669362413,bearing_wear
2024-08-01 07:24:00,PUMP_03,74.22253274633803,0.15529862606753742,4.904061370613742,1212.302897646195,30.550149792087097,overload
2024-08-01 07:25:00,MOTOR_02,90.26175681420571,0.6789207353493414,4.833988702991406,1498.6075659714995,14.488971712495385,bearing_wear
2024-08-01 07:26:00,PUMP_03,96.31870239553763,0.7470984333756711,5.059580538858837,1497.492191807711,13.052200693604542,bearing_wear
2024-08-01 07:27:00,MOTOR_01,74.43934188857764,0.12299063364903949,5.398680048941925,1203.5050569798598,31.4820739621103,overload
2024-08-01 07:28:00,MOTOR_01,73.09688340911175,0.2851693067567012,2.655353572489295,1497.7541889074328,12.13982590279335,pressure_drop
2024-08-01 07:29:00,MOTOR_02,74.5707243167462,0.2984033389738894,5.110803133202659,1192.4303999908275,37.00293337432993,overload
2024-08-01 07:30:00,MOTOR_01,90.24613289472083,0.6732637885894677,4.464266266220575,1500.0527838561889,15.13816304966725,bearing_wear
2024-08-01 07:31:00,MOTOR_01,75.79173938490837,0.22625032969667896,2.250986785523687,1478.255664172295,14.293569839179055,pressure_drop
2024-08-01 07:32:00,MOTOR_02,89.31009216454356,0.8079238614262795,5.533074216004554,1488.2364280512456,14.068235385841787,bearing_wear
2024-08-01 07:33:00,MOTOR_01,76.77268798845246,0.25252080061133286,5.19598009793821,1206.2954302546882,38.74884061950003,overload
2024-08-01 07:34:00,PUMP_03,103.29757696242791,0.8328805538715021,4.698233923293738,1503.0647819707688,12.66497428988506,bearing_wear
2024-08-01 07:35:00,PUMP_03,75.43034511256313,0.1250192003420018,2.443162860386336,1500.675245226258,14.743051967074848,pressure_drop
2024-08-01 07:36:00,PUMP_03,76.211707113028,0.16735857562124562,5.272521097265135,1177.1438907278884,28.51384001600329,overload
2024-08-01 07:37:00,MOTOR_02,75.32968805037281,0.10958542020756243,2.449803412587423,1466.6644883464453,14.191146430274086,pressure_drop
2024-08-01 07:38:00,MOTOR_01,74.05202333168347,0.16252162275033288,2.3377427174308716,1506.617518729115,12.966146435576592,pressure_drop
2024-08-01 07:39:00,PUMP_02,99.86276140524419,0.634444163455693,4.82413727951817,1494.273172358068,12.613018686126898,bearing_wear
2024-08-01 07:40:00,MOTOR_01,72.24028933503934,0.2167552602930911,5.0970060996249735,1163.233636010018,26.773603278921282,overload
2024-08-01 07:41:00,PUMP_01,77.17370380982415,0.19274669305403702,5.05798205381707,1203.098159215688,39.09822924003816,overload
2024-08-01 07:42:00,MOTOR_01,97.21295868932206,0.3724598225788633,5.077601417624527,1486.9345953544878,12.913743355569382,bearing_wear
2024-08-01 07:43:00,PUMP_02,90.78381002498116,0.8748251235522522,5.109266616824747,1506.918216280601,12.407916223749613,bearing_wear
2024-08-01 07:44:00,PUMP_01,90.90733060069934,0.5971816352864848,4.647582630414599,1503.1020821596096,13.694548646119724,bearing_wear
2024-08-01 07:45:00,PUMP_02,72.31935875799566,0.2524766499768929,5.03602097794469,1183.470493849686,32.50662242763678,overload
2024-08-01 07:46:00,MOTOR_01,74.32122728148072,0.25541023989461226,1.8817587248948708,1492.863167163833,15.165610502506734,pressure_drop
2024-08-01 07:47:00,PUMP_03,76.67857945722146,0.2056417712900873,1.6865455227096788,1498.7218415654263,13.799404923616109,pressure_drop
2024-08-01 07:48:00,MOTOR_01,78.05821666375445,0.10082481067891723,2.2291008675341417,1524.413268602606,14.141796930355175,pressure_drop
2024-08-01 07:49:00,PUMP_01,78.38538811368288,0.1404738030220779,5.120402468377225,1185.0542517225576,35.00314642124006,overload
2024-08-01 07:50:00,PUMP_02,77.06143561006834,0.18936049875857924,2.769098805025684,1538.1081074733193,14.228929931142199,pressure_drop
2024-08-01 07:51:00,PUMP_01,76.3107155685917,0.10860700381005267,5.293556338101613,1186.9860812823565,28.514810833413517,overload
2024-08-01 07:52:00,PUMP_03,78.25253812384054,0.09438685865025974,2.13368328455343,1471.5092402604043,13.212754098942359,pressure_drop
2024-08-01 07:53:00,PUMP_03,76.14581536661679,0.18777206853796766,2.4801655012261756,1484.71132412138,14.166399631253194,pressure_drop
2024-08-01 07:54:00,PUMP_03,74.90368014803383,0.18036268384610005,2.3667959160532677,1515.455556429024,14.657491125657153,pressure_drop
2024-08-01 07:55:00,PUMP_02,92.00866970790841,0.49192650737819554,4.664624149101579,1472.912833946567,13.48526626432323,bearing_wear
2024-08-01 07:56:00,MOTOR_02,75.83486871221474,0.1717877364943855,1.7441606761853825,1498.2896292988962,14.036831299436175,pressure_drop
2024-08-01 07:57:00,PUMP_01,91.82597098757947,0.95067557123128,5.0893150037439625,1484.0183613825682,14.319209674101971,bearing_wear
2024-08-01 07:58:00,PUMP_02,72.36589532215314,0.1753572679768553,1.9198501814633178,1545.711323056226,13.891755853005503,pressure_drop
2024-08-01 07:59:00,MOTOR_02,70.6314977881583,0.2367427468584757,4.712896143169947,1185.9541915283155,26.399929325770714,overload
2024-08-01 08:00:00,MOTOR_02,76.11191681313707,0.1474770823406461,5.267021715932686,1200.1554488077297,32.37950660047081,overload
2024-08-01 08:01:00,PUMP_02,79.34243410406852,0.14508800549520953,2.787634622980219,1490.2719980074487,13.748373406224246,pressure_drop
2024-08-01 08:02:00,PUMP_01,95.64676381623542,1.1667842118005054,5.0347640617277944,1492.3097493667908,12.452199156771604,bearing_wear
2024-08-01 08:03:00,PUMP_02,72.05519198366484,0.2045384479138123,1.8450630028329056,1509.2020207840587,14.275232812186387,pressure_drop
2024-08-01 08:04:00,PUMP_02,74.6528241001183,0.12924063669341299,2.569152360414374,1534.7057929284101,13.198726169809563,pressure_drop
2024-08-01 08:05:00,MOTOR_01,75.54203089255525,0.1978143822393456,4.640390406942172,1161.2215104033178,27.405722155847574,overload
2024-08-01 08:06:00,PUMP_03,73.63889391701221,0.13610146343942675,5.132661069245617,1186.3228843002262,27.024072875905553,overload
2024-08-01 08:07:00,MOTOR_02,95.90749834335118,0.7471535751571964,5.014946866820201,1530.7338391378553,14.360575137483519,bearing_wear
2024-08-01 08:08:00,MOTOR_01,75.35852710250762,0.24363132093466083,4.5461376355740795,1192.5257310299655,37.03738793266512,overload
2024-08-01 08:09:00,MOTOR_01,75.76647506949331,0.16169860180466805,1.8759373766213283,1520.9860219394184,14.359194962632866,pressure_drop
2024-08-01 08:10:00,PUMP_01,75.61073259622835,0.18162416413504132,2.2756241784761673,1522.328434240573,12.711299250721956,pressure_drop
2024-08-01 08:11:00,PUMP_03,70.89594234550046,0.2874288258991818,2.276049852686196,1470.1925082473915,13.981779968898188,pressure_drop
2024-08-01 08:12:00,MOTOR_02,71.58721911218095,0.13550778894993692,4.697014198203988,1200.8654220186684,25.20719878853473,overload
2024-08-01 08:13:00,MOTOR_01,73.70041851621515,0.2808210610699883,5.184736889117808,1198.6660648975842,25.460439966597328,overload
2024-08-01 08:14:00,MOTOR_01,98.19684293647352,0.7063266050419563,5.157637013671135,1505.5419028371564,13.589880817596685,bearing_wear
2024-08-01 08:15:00,PUMP_01,75.71755219028243,0.2752700490040576,5.051562734438207,1208.3173182388573,26.57254199068023,overload
2024-08-01 08:16:00,MOTOR_01,74.15843080345228,0.1716253033472994,4.939772270214022,1197.4698808161288,33.44331530200468,overload
2024-08-01 08:17:00,PUMP_02,75.42403907316198,0.19165661530555353,2.5358589827208835,1461.6864181670542,12.697192397722706,pressure_drop
2024-08-01 08:18:00,MOTOR_02,74.82920870334539,0.19127026080882234,4.886132150527186,1180.816167436199,28.467928314249033,overload
2024-08-01 08:19:00,PUMP_01,76.78362547573198,0.12486059143610047,5.21729282363162,1206.5500743144842,28.768883851234765,overload
